Feature,Coefficient
area,370.819236512727
bedrooms,386838.6236547054
bathrooms,731577.2286206393
